seed,d,r,total_entries,positive_fraction,negative_fraction,other_fraction,matrix_mean,matrix_std,num_unique_values,unique_values,unique_values_ok
42,20,20,400,0.495,0.505,0.0,-0.0022360689472407103,0.22359561920166016,2,"[-0.22360679507255554, 0.22360679507255554]",True
77,20,20,400,0.495,0.505,0.0,-0.0022360675502568483,0.22359560430049896,2,"[-0.22360679507255554, 0.22360679507255554]",True
211,20,20,400,0.4925,0.5075,0.0,-0.0033541033044457436,0.22358162701129913,2,"[-0.22360679507255554, 0.22360679507255554]",True
